mbti,song,singer
ISTP,When The Sun Goes Down,Arctic Monkeys
ISTP,Bisexual,GRLwood
ISTP,Burning Pile,Mother Mother
ISTP,The Sharpest Lives,My Chemical Romance
ISTP,うっせぇわ,Ado
ISTP,Knee Socks,Arctic Monkeys
ISTP,OHMAMI,Chase Atlantic
ISTP,all the good girls go to hell,Billie Eilish
ISTP,A Little Death,The Neighbourhood
ISTP,Where Is My Mind? - Remastered,Pixies
ISTP,Bad Reputation,Joan Jett & the Blackhearts
ISTP,Wrong Way,Sublime
ISTP,Crazy,Dorcci
ISTP,The Only Heartbreaker,Mitski
ISTP,Leave Me Alone,I DONT KNOW HOW BUT THEY FOUND ME
ISTP,Static,Steve Lacy
ISTP,Beggin',Måneskin
ISTP,THANXX,ATEEZ
ISTP,"Me, Myself & I","G-Eazy, Bebe Rexha"
ISTP,(I Just) Died In Your Arms,Cutting Crew
ISTP,13,LANY
ISTP,scared,Jeremy Zucker
ISTP,Lost Stars,애덤 리바인
ISTP,Palm Springs (the way you made me feel),Virginia To Vegas
ISTP,Guitarrada,O Grilo
ISTP,I'm so crazy for youuu </3,Rebzyyx
ISTP,Go Solo,Tom Rosenthal
ISTP,nightmares,skyfall beats
ISTP,Kisame,rhodessa
ISTP,IT GIRL,Aliyah's Interlude
ISTP,Let Me In (20 CUBE),ENHYPEN
ISTP,Run BTS,방탄소년단
ISTP,Bad Motherfucker,Biting Elbows
ISTP,LIE DOWN!,"NUEKI, TOLCHONOV"
ISTP,Pervert,Descendents
ISTP,HA HA HA,MONOWIRE
ISTP,Fundament,"$a!nt, Volgelvrij"
ISTP,Tell Me Why,#R!sK
ISTP,Animal,Sir Chloe
ISTP,RED DOT,"Lil Annex, Cxrpse"
ISTP,Come Inside Of My Heart,IV Of Spades
ISTP,Nahuhulog,Jed Baruelo
ISTP,Buwan,juan karlos
ISTP,Isip,Healy After Dark
ISTP,Partners in Crime (feat. Ash Costello),"Set It Off, Ash Costello"
ISTP,From the Start,Good Kid
ISTP,Washing Machine Heart,Mitski
ISTP,TERRIBLE THINGS,Axie
ISTP,Luna - En Vivo,Zoé
ISTP,Happily Ever After,투모로우바이투게더
ISTP,NEON BLADE,MoonDeity
ISTP,Let The Light In (feat. Father John Misty),"Lana Del Rey, Father John Misty"
ISTP,Pumped Up Kicks,Foster The People
ISTP,Leak,Young Sudden
ISTP,OOH,Tohi
ISTP,Don't Tell Me,Avril Lavigne
ISTP,Pretty Savage,BLACKPINK
ISTP,Dreams Come True,aespa
ISTP,MY BAG,(여자)아이들
ISTP,How You Like That,BLACKPINK
ISTP,Beige,Yoke Lore
ISTP,Heaven or Las Vegas,Cocteau Twins
ISTP,Loser,Beck
ISTP,Everlong,Foo Fighters
ISTP,hideous,mehro
ISTP,Ain't Shit,Doja Cat
ISTP,I Don't Miss You at All,FINNEAS
ISTP,Mind Over Matter (Reprise),Young the Giant
ISTP,Woman,Doja Cat
ISTP,People I Don't Like,UPSAHL
ISTP,Feel Good Inc.,Gorillaz
ISTP,Sweet but Psycho,Ava Max
ISTP,Perfect Night,LE SSERAFIM
ISTP,Blockbuster feat. YEONJUN of TOMORROW X TOGETHER,"ENHYPEN, YEONJUN"
ISTP,FAKE LOVE,방탄소년단
ISTP,Tally,BLACKPINK
ISTP,Little Pistol,Mother Mother
ISTP,Void,The Neighbourhood
ISTP,Rise,Katy Perry
ISTP,Arsonist's Lullabye,Hozier
ISTP,Stan Smith,"Alcemist, Coco"
ISTP,Money Moves (feat. Mr Traumatik),"Grima x Azza, Mr Traumatik, Nu Elementz, TNA"
ISTP,Atlantis - Extra Sped Up Version,"Seafret, sped up + slowed"
ISTP,Duvet,bôa
ISTP,Bizarre Love Triangle,New Order
ISTP,We Are Young (feat. Janelle Monáe),"fun., Janelle Monáe"
ISTP,30/90,"Andrew Garfield, Joshua Henry, Vanessa Hudgens, Robin de Jesus, Alexandra Shipp,"
ISTP,Heart-Shaped Box,Nirvana
ISTP,"EYES, NOSE, LIPS - JPN",태양
ISTP,0.03mm,とくみくす(TOKUMIX)
ISTP,Bodega,99 God
ISTP,まつり,Fujii Kaze
ISTP,날 쏘고 가라,세븐틴
ISTP,オレンジ,TREASURE
ISTP,N/S,Stray Kids
ISTP,SPASA,MARIA
ISTP,FINISH HIM,alt!
ISTP,WDYM?,Armanibanz!
ISTP,Mary On A Cross,Ghost
ISTP,LET ME SEE YA MOVE!,"Lumi Athena, cade clair"
INTP,if god exists its fucking me,"skeletral, outer streets"
INTP,Formula,Labrinth
INTP,Shinunoga E-Wa,Fujii Kaze
INTP,masquerade,siouxxie sixxsta
INTP,Overreaction,HappyHappy
INTP,Prom Queen,Beach Bunny
INTP,Seven,Sleeping At Last
INTP,idfc,blackbear
INTP,O Green World,Gorillaz
INTP,Mind Over Matter (Reprise),Young the Giant
INTP,4am,girl in red
INTP,Softcore,The Neighbourhood
INTP,悪いことはしちゃいけないよ,Kikuo
INTP,Tear You Apart,She Wants Revenge
INTP,ghouls! zombies! skeletons!,STEFAN THEV
INTP,Paparazzi,Kim Dracula
INTP,i was all over her,salvia palth
INTP,#BrooklynBloodPop!,SyKo
INTP,愛して 愛して 愛して,Kikuo
INTP,Nobody,Mitski
INTP,Sweetie Little Jean,Cage The Elephant
INTP,Black Madonna,Cage The Elephant
INTP,Reckless Abandon,blink-182
INTP,Gutter Girl,Hot Flash Heat Wave
INTP,The Bidding,Tally Hall
INTP,Something For Your M.I.N.D.,Superorganism
INTP,My Ordinary Life,The Living Tombstone
INTP,"Genius (feat. Sia, Diplo, and Labrinth)","Sia, Diplo, Labrinth, LSD"
INTP,So Devilish,Tryhardninja
INTP,Locked out of Heaven,Bruno Mars
INTP,Bad Habit - Sped Up,Steve Lacy
INTP,Hayloft II,Mother Mother
INTP,The Beach,The Neighbourhood
INTP,Stressed Out,Twenty One Pilots
INTP,Fitzpleasure,alt-J
INTP,Wet Hands,C418
INTP,Where Is My Mind?,Pixies
INTP,Eighth Wonder,Lemon Demon
INTP,All Eyes On Me,Bo Burnham
INTP,STAY (with Justin Bieber),"The Kid LAROI, Justin Bieber"
INTP,I Need Control,Will Jay
INTP,"Left Brain, Right Brain",Bo Burnham
INTP,Are You Satisfied?,MARINA
INTP,Movin' Out (Anthony's Song),Billy Joel
INTP,Bezos I,Bo Burnham
INTP,Riders in the Sky,Lawrence Welk
INTP,RISE,"League of Legends, Mako, The Word Alive, The Glitch Mob"
INTP,Run Boy Run,Woodkid
INTP,Young,Vacations
INTP,Heaven Knows I'm Miserable Now - 2011 Remaster,The Smiths
INTP,drowning,Vague003
INTP,Cherry Waves,Deftones
INTP,Infinity,Jaymes Young
INTP,Sweater Weather,The Neighbourhood
INTP,It's You,Sezairi
INTP,Radio,Lana Del Rey
INTP,Strangers,Kenya Grace
INTP,Ya,미란이
INTP,Foot on the Gas,"SOULBYSEL, 지셀"
INTP,Groupie,"pH-1, Mokyo"
INTP,Starman - 2012 Remaster,David Bowie
INTP,二十歳の恋,Lamp
INTP,Freaks,Surf Curse
INTP,Kids,Current Joys
INTP,Slow Dance With You,"Hector Chavez, Hurasmi"
INTP,Cha Cha,Freddie Dredd
INTP,Personal,Kehlani
INTP,Antes de Morirme (feat. ROSALÍA),"C. Tangana, ROSALÍA"
INTP,Dark Paradise,Lana Del Rey
INTP,Black Out Days,Phantogram
INTP,Goth,Sidewalks and Skeletons
INTP,Hymn for the Weekend,Coldplay
INTP,Baby I Got Issues,@fallacy
INTP,Goodbyes (feat. Young Thug),"Post Malone, Young Thug"
INTP,Hurts Me,"Tory Lanez, Trippie Redd"
INTP,3:15 (Breathe),Russ
INTP,Art Is Dead,Bo Burnham
INTP,Blood // Water,grandson
INTP,Out Of Reach,BoyWithUke
INTP,Knee Socks,Arctic Monkeys
INTP,Welcome to the Black Parade,My Chemical Romance
INTP,1985,Bo Burnham
INTP,You Know What They Do to Guys Like Us in Prison,My Chemical Romance
INTP,Little Dark Age,MGMT
INTP,Burning Pile,Mother Mother
INTP,Why'd You Only Call Me When You're High?,Arctic Monkeys
INTP,Look Who’s Inside Again,Bo Burnham
INTP,The Red Means I Love You,Madds Buckley
INTP,drift/(:(,Alek Olsen
INTP,homesick,wave to earth
INTP,(i would have followed you),Delaney Bailey
INTP,worldstar money (interlude),Joji
INTP,Mask Off,Future
INTP,Angels Sippen,Symba
INTP,Home,Edith Whiskers
INTP,Mädchen auf dem Pferd (feat. Fabian Buch),"Bibi und Tina, Peter Plate, Ulf Leo Sommer, Fabian Buch"
INTP,After Dark,Mr.Kitty
INTP,SPIT IN MY FACE!,ThxSoMch
INTP,Rhinestone Eyes,Gorillaz
INTP,Doubt,Twenty One Pilots
ISFP,right where you left me - bonus track,Taylor Swift
ISFP,LAST DANCE,BIGBANG
ISFP,Fake Tales Of San Francisco,Arctic Monkeys
ISFP,HWAA,(여자)아이들
ISFP,Feel Better,Penelope Scott
ISFP,Sparks,Coldplay
ISFP,I Can't Handle Change,Roar
ISFP,t r a n s p a r e n t s o u l feat. Travis Barker,"WILLOW, Travis Barker"
ISFP,Happy,MARINA
ISFP,I'm Good (Blue),"David Guetta, Bebe Rexha"
ISFP,Only Human,Jonas Brothers
ISFP,Cry Baby,The Neighbourhood
ISFP,Against the Kitchen Floor,Will Wood
ISFP,I Bet on Losing Dogs,Mitski
ISFP,The Masochism Tango,Tom Lehrer
ISFP,Vending Machine of Love,The Stupendium
ISFP,Teenage Dream,Stephen Dawes
ISFP,Pluto Projector,Rex Orange County
ISFP,Bertahta diatas tanah mereka - Japan Version,"Lukanegara, Fujita Haruka"
ISFP,7 Years,Lukas Graham
ISFP,SIMULATION,Gist
ISFP,Only U (Feat. 페노메코),"문수진, 지셀, 페노메코"
ISFP,Taser,재규어 중사
ISFP,vestigial organ,"김뮤지엄, JEMN"
ISFP,Blame It,"Jamie Foxx, T-Pain"
ISFP,Wires,The Neighbourhood
ISFP,True Colors,The Weeknd
ISFP,Die For You,The Weeknd
ISFP,Star,Colde
ISFP,Loving You Girl (feat. Hkeem),"Peder Elias, Hkeem"
ISFP,WA-R-R,Colde
ISFP,once in a moon,Sarah Kang
ISFP,Maybe,조유리
ISFP,Either Way,IVE
ISFP,LIT,STAYC
ISFP,Love Bubble,IZ*ONE
ISFP,꿈,정진우
ISFP,Star,Mitski
ISFP,Nothing's New,Rio Romeo
ISFP,Smarty,"Fidencio, michi"
ISFP,Acceptable in the 80's,Calvin Harris
ISFP,Do You Mind - Crazy Cousinz Remix,"Paleface, Crazy Cousins"
ISFP,Limp,Fiona Apple
ISFP,Antidote,Travis Scott
ISFP,Orange Flower (You Complete Me),ENHYPEN
ISFP,Love Lee,AKMU
ISFP,Whale,김세정
ISFP,I'm Gonna Love You,"디오, 원슈타인"
ISFP,God of Music,세븐틴
ISFP,元気を出して,Mariya Takeuchi
ISFP,Fighting (Feat. Lee Young Ji),"부석순, 이영지"
ISFP,All I Wanna Do (K) (Feat. Hoody & Loco),"박재범, Hoody, 로꼬"
ISFP,'68 Fastback,Zach Bryan
ISFP,Nose On The Grindstone (OurVinyl Sessions),"Tyler Childers, OurVinyl"
ISFP,Hell of a Year,Parker McCollum
ISFP,"Burn, Burn, Burn",Zach Bryan
ISFP,U,GRAY
ISFP,fairy,다운
ISFP,지나쳐 (FEAT. DEAN),"로꼬, DEAN"
ISFP,HIDE & SICK,JUNNY
ISFP,light,wave to earth
ISFP,i hope she loves me back,boy pablo
ISFP,Mr. Loverman,Ricky Montgomery
ISFP,papi bones (feat. shygirl),"FKA twigs, Shygirl"
ISFP,"Rêverie, L. 68","Claude Debussy, Alain Planès"
ISFP,Little Life,Cordelia
ISFP,Meadow,"Leavv, Philanthrope"
ISFP,Experience,"Ludovico Einaudi, Daniel Hope, I Virtuosi Italiani"
ISFP,MIROH,Stray Kids
ISFP,Torch,D-ONE
ISFP,UP NO MORE,TWICE
ISFP,カプチーノ,Sheena Ringo
ISFP,僕は君の事が好きだけど君は僕を別に好きじゃないみたい,back number
ISFP,瞬き,back number
ISFP,あとひとつ,FUNKY MONKEY BABYS
ISFP,Tomorrow never knows,Mr.Children
ISFP,bad idea!,girl in red
ISFP,Lust for Life (with The Weeknd),"Lana Del Rey, The Weeknd"
ISFP,Francis Forever,Mitski
ISFP,Sofia,Clairo
ISFP,Anywhere But Home,슬기
ISFP,Paint on Spring,Martin Smith
ISFP,Ticket,MEENOI
ISFP,어떨것같애 (Feat. ZICO),"MEENOI, 지코"
ISFP,fue mejor (feat. SZA),"Kali Uchis, SZA"
ISFP,21,Gracie Abrams
ISFP,Summer (Feat. BE’O),"Paul Blanco, BE'O"
ISFP,Why Stop Now,Chase Atlantic
ISFP,Bang Bang Bang Bang,Sohodolls
ISFP,My Alcoholic Friends,The Dresden Dolls
ISFP,Always Forever,Cults
ISFP,Popular Monster,Falling In Reverse
ISFP,음,카이
ISFP,RUN2U,STAYC
ISFP,Day 1,Red Velvet
ISFP,Better,김우석
ISFP,Betcha,백현
ISFP,쉿 (Shhh),KISS OF LIFE
ISFP,영웅 (英雄; Kick It),NCT 127
ISFP,Poppy (Korean Ver.),STAYC
ISFJ,Likey,TWICE
ISFJ,Sharpener,Cavetown
ISFJ,Remember Me (Lullaby),"Gael Garcia Bernal, Gabriella Flores, Libertad García Fonzi"
ISFJ,vampire,Olivia Rodrigo
ISFJ,에잇(Prod.&Feat. SUGA of BTS),"아이유, SUGA"
ISFJ,Always Forever,Cults
ISFJ,Lose You To Love Me,Selena Gomez
ISFJ,Safe & Sound - from The Hunger Games Soundtrack,"Taylor Swift, The Civil Wars"
ISFJ,對等關係 (feat. 張惠妹),"Ronghao Li, A-Mei Chang"
ISFJ,就是愛妳,David Tao
ISFJ,你給我聽好,Eason Chan
ISFJ,單車,Eason Chan
ISFJ,K.,Cigarettes After Sex
ISFJ,like i need u,keshi
ISFJ,Always,Daniel Caesar
ISFJ,Young And Beautiful,Lana Del Rey
ISFJ,VolKno (CHOI HYUN SUK x YOSHI x HARUTO Unit),TREASURE
ISFJ,Rainbow (책갈피),NCT DREAM
ISFJ,HELLO,TREASURE
ISFJ,On My Youth (遗憾效应),WayV
ISFJ,Don’t Blame Me,Taylor Swift
ISFJ,Yours,Conan Gray
ISFJ,See You Again (feat. Charlie Puth),"Wiz Khalifa, Charlie Puth"
ISFJ,Not Around,Nova
ISFJ,Back for More (TXT Ver.),투모로우바이투게더
ISFJ,Lobby,"Anitta, Missy Elliott"
ISFJ,Guilty,태민
ISFJ,Double Take,JOSHUA
ISFJ,Home,세븐틴
ISFJ,People Pt.2 (feat. IU),"Agust D, 아이유"
ISFJ,As It Was,Harry Styles
ISFJ,Strawberries & Cigarettes,Troye Sivan
ISFJ,Pa' Mala Yo,NATTI NATASHA
ISFJ,Dale!,Max Pizzolante
ISFJ,Me Niego (feat. Ozuna & Wisin),"Reik, Ozuna, Wisin"
ISFJ,Tutu,"Camilo, Pedro Capó"
ISFJ,Shy,HUNNY
ISFJ,Televised,HUNNY
ISFJ,Pink + White,Frank Ocean
ISFJ,This Side of Paradise,Coyote Theory
ISFJ,Where'd All the Time Go?,Dr. Dog
ISFJ,Old Friend,Mitski
ISFJ,Fernando,ABBA
ISFJ,Slipping Through My Fingers,ABBA
ISFJ,Better Days,SuperM
ISFJ,gamble,"Alys, fcj, demxntia"
ISFJ,All We Know,"The Chainsmokers, Phoebe Ryan"
ISFJ,On The Ground,ROSÉ
ISFJ,Bite Me,ENHYPEN
ISFJ,恋人ごっこ,Macaroni Empitsu
ISFJ,First Love,Hikaru Utada
ISFJ,God of Music,세븐틴
ISFJ,Die For You (with Ariana Grande) - Remix,"The Weeknd, Ariana Grande"
ISFJ,Bittersweet (feat. LeeHi),"WONWOO, MINGYU, 이하이"
ISFJ,Somebody's Pleasure,Aziz Hedra
ISFJ,Lantas,Juicy Luicy
ISFJ,Bound 2,Kanye West
ISFJ,Low,SZA
ISFJ,Finesse,Drake
ISFJ,Belong to the City,PARTYNEXTDOOR
ISFJ,Keeping Tabs,NIKI
ISFJ,my tears ricochet,Taylor Swift
ISFJ,Adu Rayu,"Yovie Widianto, Tulus, Glenn Fredly"
ISFJ,Getaway Car,Taylor Swift
ISFJ,"TASTE (Lee Know, Hyunjin, Felix)",Stray Kids
ISFJ,DEPEND ON YOU,TWICE
ISFJ,HANN (Alone in winter),(여자)아이들
ISFJ,Giddy,Kep1er
ISFJ,Let Her Go,Passenger
ISFJ,Kerasnya Kota,Davisiumbing
ISFJ,Love In The Dark,Adele
ISFJ,My Universe,"Coldplay, 방탄소년단"
ISFJ,Thnks fr th Mmrs,Fall Out Boy
ISFJ,People Like Us,Kelly Clarkson
ISFJ,evergone,Christina Perri
ISFJ,marjorie,Taylor Swift
ISFJ,"Same dream, same mind, same night",세븐틴
ISFJ,ひとりじゃない,세븐틴
ISFJ,잠깐 시간 될까,이무진
ISFJ,BEAUTIFUL,세븐틴
ISFJ,Memories,Conan Gray
ISFJ,Love,Finding Hope
ISFJ,Regent's Park,Bruno Major
ISFJ,Here With Me,d4vd
ISFJ,사랑이 잘 (With 오혁),"아이유, 오혁"
ISFJ,Love Song,NCT 127
ISFJ,Super Shy,NewJeans
ISFJ,Stars and Raindrops (Seungmin),Stray Kids
ISFJ,SHYでもいいよ,AISHA
ISFJ,Love U,AYANE
ISFJ,すれ違い,Soala
ISFJ,赤い実ハジケタ恋空の下,LGMonkees
ISFJ,once in a moon,Sarah Kang
ISFJ,Somebody,디오
ISFJ,놀이공원,백현
ISFJ,Slow Dancing,V
ISFJ,coney island (feat. The National),"Taylor Swift, The National"
ISFJ,Home,Toby Fox
ISFJ,prom dress,mxmtoon
ISFJ,Reckless,Madison Beer
INFJ,Peaches,카이
INFJ,You Never Know,BLACKPINK
INFJ,WALLFLOWER,TWICE
INFJ,Eternally,투모로우바이투게더
INFJ,Heart To Heart,Mac DeMarco
INFJ,call,yutaka hirasaka
INFJ,オープニング,"天門, 熊木杏里"
INFJ,Born a Stranger,Kan Gao
INFJ,Bitter Sweet Symphony - Remastered 2016,The Verve
INFJ,House of Memories,Panic! At The Disco
INFJ,Iris,The Goo Goo Dolls
INFJ,Ghosting,Mother Mother
INFJ,Bejeweled,Taylor Swift
INFJ,hoax,Taylor Swift
INFJ,Nothing New (feat. Phoebe Bridgers) (Taylor’s Version) (From The Vault),"Taylor Swift, Phoebe Bridgers"
INFJ,Bigger Than The Whole Sky,Taylor Swift
INFJ,Cake,Melanie Martinez
INFJ,Melting,Kali Uchis
INFJ,Cruel Summer,Taylor Swift
INFJ,Notion,The Rare Occasions
INFJ,Dusk Till Dawn (feat. Sia) - Radio Edit,"ZAYN, Sia"
INFJ,Love Me Like You Do,Ellie Goulding
INFJ,Ancient Dreams in a Modern Land,MARINA
INFJ,The Perfect Girl,Mareux
INFJ,Apocalypse,Cigarettes After Sex
INFJ,Je te laisserai des mots,Patrick Watson
INFJ,Cigarettes out the Window,TV Girl
INFJ,Swimming Pool,Marie Madeleine
INFJ,Born To Die,Lana Del Rey
INFJ,Hold My Hand,Lady Gaga
INFJ,Miss U Miss Me,Just Stef
INFJ,cardigan,Taylor Swift
INFJ,Yesterday,Imagine Dragons
INFJ,feel something,Bea Miller
INFJ,Sweet Dreams (Are Made of This) - Remastered,"Eurythmics, Annie Lennox, Dave Stewart"
INFJ,Treat People With Kindness,Harry Styles
INFJ,Angel,FINNEAS
INFJ,Bubble Gum,Clairo
INFJ,Fine Line,Harry Styles
INFJ,Hard Feelings/Loveless,Lorde
INFJ,Jacuzzi,"James Reid, B.I, DJ FLICT"
INFJ,Magnolia,Aden
INFJ,Numb,B.I
INFJ,Cloud Thought,B.I
INFJ,B.O.M.B - KABOOM ver.,TREASURE
INFJ,I LOVE YOU,TREASURE
INFJ,JIKJIN,TREASURE
INFJ,Demons,Imagine Dragons
INFJ,TO BE OR NOT TO BE,원어스
INFJ,The Bottom,Gracie Abrams
INFJ,Riverside,Agnes Obel
INFJ,A Burning Hill,Mitski
INFJ,Let Your Love Last,Cold Weather Company
INFJ,In My Dreams,"De Gast, Lova"
INFJ,All or Nothing,"Maddisun, Noah Monckton"
INFJ,I Breathe You In,Steve Mullaney
INFJ,HELLO - JP Ver.- TREASURE JAPAN TOUR 2022-23 ~HELLO~ SPECIAL in KYOCERA DOME OSAKA,TREASURE
INFJ,U - TREASURE JAPAN TOUR 2022-23 ~HELLO~ SPECIAL in KYOCERA DOME OSAKA,TREASURE
INFJ,MMM,TREASURE
INFJ,THANK YOU (ASAHI x HARUTO Unit),TREASURE
INFJ,Feeling Good,Michael Bublé
INFJ,Scars,Boy Epic
INFJ,Lucifer,XOV
INFJ,Let's Kill Tonight,Panic! At The Disco
INFJ,My Tears Are Becoming A Sea,M83
INFJ,Become the Warm Jets,Current Joys
INFJ,waves - Tame Impala Remix,"Miguel, Tame Impala"
INFJ,Strawberries & Cigarettes,Troye Sivan
INFJ,lazy sundaze,sftspkn
INFJ,Pearl,Signature D
INFJ,Lullaby,Prigida
INFJ,Street Lights,"Jam'addict, Hoffy Beats"
INFJ,Door,Mitski
INFJ,Letter To My 13 Year Old Self,Laufey
INFJ,Better Than Snow,"Norah Jones, Laufey"
INFJ,I Wish You Love,Laufey
INFJ,Dead To Me,Kali Uchis
INFJ,Chamber Of Reflection,Mac DeMarco
INFJ,Fourth of July,Sufjan Stevens
INFJ,Shades Of Cool,Lana Del Rey
INFJ,Kiss It Off Me,Cigarettes After Sex
INFJ,I Lied (with Allison Ponthier),"Lord Huron, Allison Ponthier"
INFJ,Where Damage Isn't Already Done,The Radio Dept.
INFJ,I Wish I Never Met You,Babygirl
INFJ,貴方の恋人になりたい,チョーキューメイ
INFJ,紋白蝶 - feat. 石原慎也 (Saucy Dog),"Tokyo Ska Paradise Orchestra, 石原慎也"
INFJ,燈,Soushi Sakiyama
INFJ,クランベリーとパンケーキ,Kenshi Yonezu
INFJ,I Believe,Joowon
INFJ,Stories,Chyi Yu
INFJ,SOS,Tracy Huang
INFJ,The Way I Want To Touch You,Tracy Huang
INFJ,LEAP HIGH! 〜明日へ、めいっぱい〜,PRODUCE 101 JAPAN THE GIRLS
INFJ,GUTS!,ARASHI
INFJ,小悪魔 (Baddie),CLAW-me
INFJ,B級,CHANMINA
INFJ,A Wistful Waltz,Teddy Hyde
INFJ,Blue Monday,New Order
INFJ,Nowhere To Run,Stegosaurus Rex
INFJ,Piece Of You,Shawn Mendes
INTJ,Always Forever,Cults
INTJ,Hayloft,Mother Mother
INTJ,CORALINE,Måneskin
INTJ,Antagonist,Nova Twins
INTJ,Simple Harp Variation No. 2,Martin Phipps
INTJ,Botanique,"J Foerster, N KRAMER"
INTJ,And We Walk After,Trevor Kowalski
INTJ,Etude No. 2,Philip Glass
INTJ,Chop Chop Slide,Insane Clown Posse
INTJ,Superstar,Sonic Youth
INTJ,The Silence,Secret Cameras
INTJ,Skyfall,Adele
INTJ,THAT BITCH,Bea Miller
INTJ,Without Me,Eminem
INTJ,Dark Red,Steve Lacy
INTJ,Hurt Feelings,Mac Miller
INTJ,4 Morant,Xanemusic
INTJ,The Hanging Tree,"James Newton Howard, Jennifer Lawrence"
INTJ,Money Power Glory,Lana Del Rey
INTJ,Somebody's Watching Me,Rockwell
INTJ,Kiss With A Fist,Florence + The Machine
INTJ,Maneater,Nelly Furtado
INTJ,Arabella,Arctic Monkeys
INTJ,Breathe Me,Sia
INTJ,I Don't Want To Set The World On Fire,The Ink Spots
INTJ,Desperado,Rihanna
INTJ,Greek God,Conan Gray
INTJ,Body,Mother Mother
INTJ,West Coast,Lana Del Rey
INTJ,Good Looking,Suki Waterhouse
INTJ,Are You Satisfied?,MARINA
INTJ,Come As You Are,Nirvana
INTJ,Pitch the Baby,Cocteau Twins
INTJ,Can't Be Tamed,Miley Cyrus
INTJ,Dealer,Lana Del Rey
INTJ,Be Quiet and Drive (Far Away),Deftones
INTJ,Glory And Gore,Lorde
INTJ,Mastermind,Taylor Swift
INTJ,sex money feelings die - slowed version,Lykke Li
INTJ,Self destruct,BETWEEN FRIENDS
INTJ,If Only You Were Mine,xlxa
INTJ,Cigarette Duet,Princess Chelsea
INTJ,Burning Pile,Mother Mother
INTJ,Entropy (2014 Original),Awkward Marina
INTJ,Way down We Go,KALEO
INTJ,Gone Away,Martin Sillen
INTJ,Bury Me Face Down,grandson
INTJ,Little Bastards,Palaye Royale
INTJ,The Crown Main Title,Hans Zimmer
INTJ,"Runaway (From ""Westworld"") - Piano Rendition",The Blue Notes
INTJ,Once Upon a Dream,Invadable Harmony
INTJ,I Love You,RIOPY
INTJ,Diet Mountain Dew,Lana Del Rey
INTJ,My Girlfriend Is a Witch,October Country
INTJ,(I'm Not Your) Steppin' Stone - 2006 Remaster,The Monkees
INTJ,Bubblegum Bitch,MARINA
INTJ,Beauty & Beast,Pantone
INTJ,not hard to imagine a perfect future with you,hoeless romantic
INTJ,yes it's okay that way,Naturelskere
INTJ,Sunrise Blend,"Mister Decaf, Chill Select"
INTJ,exile (feat. Bon Iver),"Taylor Swift, Bon Iver"
INTJ,Starring Role,MARINA
INTJ,Take Me To Church,Hozier
INTJ,Swimming Pool,Marie Madeleine
INTJ,Wires,The Neighbourhood
INTJ,Take A Slice,Glass Animals
INTJ,After Dark,Mr.Kitty
INTJ,Feeling Good,Michael Bublé
INTJ,Where is my Mind? - Piano Cover,The Blue Notes
INTJ,Atlantis,Clarence Öfwerman
INTJ,Panic Room,Au/Ra
INTJ,L'autre Valse D'amélie,Frédéric Schubert
INTJ,What You Wanted,CIX
INTJ,CHECKMATE,더보이즈
INTJ,NITRO,박지훈
INTJ,Jungle,CIX
INTJ,Too Many Gods,"A$AP Rocky, Joey Bada$$"
INTJ,Fake It,Seether
INTJ,Brooklyn Baby,Lana Del Rey
INTJ,Forever Young,Alphaville
INTJ,Riptide,grandson
INTJ,Sway,Michael Bublé
INTJ,Let You Down,NF
INTJ,I Wasn't Made to Fall in Love,Koko Love
INTJ,Castles,RAIZHELL
INTJ,The Perfect Girl,Mareux
INTJ,Thelema,Øfdream
INTJ,The Adults Are Talking,The Strokes
INTJ,Murky Oath - Album Edition,ŹOOĻ
INTJ,Poisonous Gangster - Album Edition,ŹOOĻ
INTJ,IMPERIAL CHAIN - Album Edition,ŹOOĻ
INTJ,STRONGER & STRONGER,ŹOOĻ
INTJ,A Wave Across A Bay,Frank Turner
INTJ,All Things End,Hozier
INTJ,Caves,CLANN
INTJ,Evil Angel,Breaking Benjamin
INTJ,Darl+ing,세븐틴
INTJ,Who Is She ?,I Monster
INTJ,Gangsta's Paradise,"Coolio, L.V."
INTJ,Midnight Rain,Taylor Swift
ENFP,The Family Jewels,MARINA
ENFP,Bubblegum Bitch,MARINA
ENFP,The Middle,"Zedd, Maren Morris, Grey"
ENFP,Don’t Blame Me,Taylor Swift
ENFP,If U Seek Amy,Britney Spears
ENFP,White Mustang,Lana Del Rey
ENFP,SSICK,Stray Kids
ENFP,Earned It (Fifty Shades Of Grey),The Weeknd
ENFP,Around the World,Red Hot Chili Peppers
ENFP,Bon voyage,유아
ENFP,Emberflame,Missing in Action
ENFP,Fine,Lemon Demon
ENFP,Dancing Queen,ABBA
ENFP,"Everyday (feat. Rod Stewart, Miguel & Mark Ronson)","A$AP Rocky, Rod Stewart, Miguel, Mark Ronson"
ENFP,Smokin Out The Window,"Bruno Mars, Anderson .Paak, Silk Sonic"
ENFP,Dead To Me,Kali Uchis
ENFP,Dance To This (feat. Ariana Grande),"Troye Sivan, Ariana Grande"
ENFP,Out of My League,Fitz and The Tantrums
ENFP,Silvertongue,Young the Giant
ENFP,Cherry Bomb,The Runaways
ENFP,Loverboy,A-Wall
ENFP,Love Grows (Where My Rosemary Goes),Edison Lighthouse
ENFP,Mamma Mia,Austin Weber
ENFP,Gimme! Gimme! Gimme! (A Man After Midnight),ABBA
ENFP,제자리 걸음 (Starry Night),NCT DREAM
ENFP,SOS,NCT DREAM
ENFP,Dear DREAM,NCT DREAM
ENFP,파랑 (Blue Wave),NCT DREAM
ENFP,Any,Stray Kids
ENFP,1 To 10,TWICE
ENFP,CROWN,투모로우바이투게더
ENFP,What is Love,TWICE
ENFP,Nan and Pop's House,Michael Day
ENFP,Feels Like We Only Go Backwards,Tame Impala
ENFP,Empty Now,HOLYSEA
ENFP,TRAP,smouldr
ENFP,Dark Beach,Pastel Ghost
ENFP,Scar Tissue,Red Hot Chili Peppers
ENFP,Notion,The Rare Occasions
ENFP,All The Things She Said,t.A.T.u.
ENFP,Stumblin' In,"Chris Norman, Suzi Quatro"
ENFP,Life on Mars? - 2015 Remaster,David Bowie
ENFP,No Complaints,Noah Kahan
ENFP,Heroes - 2017 Remaster,David Bowie
ENFP,OMG,NewJeans
ENFP,HOME,방탄소년단
ENFP,U+Me=LOVE,7 LOVE Minutes
ENFP,Rookie,Red Velvet
ENFP,Skool,San Cisco
ENFP,You Are the Right One,Sports
ENFP,São Paulo,Vincent Mango
ENFP,Who Am I,Vance Joy
ENFP,Melody - Live Version,NINGNING
ENFP,Password 486,윤하
ENFP,In the morning,ITZY
ENFP,Drama - Sped Up Version,aespa
ENFP,distracted tbh,untermholz
ENFP,streaming dreams,vinyl prince
ENFP,waves of joy,dogbeliever
ENFP,it's slowly becoming too much,untermholz
ENFP,日常革命,neguse.
ENFP,ocean eyes,Billie Eilish
ENFP,有心論,RADWIMPS
ENFP,恋風邪にのせて,Vaundy
ENFP,Смерти Больше Нет,IC3PEAK
ENFP,Mirándote,Rvfv
ENFP,eyes don't lie,Isabel LaRosa
ENFP,the remedy for a broken heart (why am I so in love),XXXTENTACION
ENFP,O.O,NMIXX
ENFP,Rainy Days,V
ENFP,SOLO - KR Ver.,제니
ENFP,Epiphany,방탄소년단
ENFP,Dreamcore,Pathetic
ENFP,Démons - live orchestral,"Angèle, Damso"
ENFP,Monster Truck,"Jazmin Bean, Zheani"
ENFP,You'll miss me when I'm not around,Grimes
ENFP,Ice Cream,이준호
ENFP,Fighting (Feat. Lee Young Ji),"부석순, 이영지"
ENFP,The Boys,소녀시대
ENFP,Do Something,Macy Gray
ENFP,The Race,Chris James
ENFP,Just Friends,Why Don't We
ENFP,Cream Soda,EXO
ENFP,Popular (with Playboi Carti & Madonna) - Music from the HBO Original Series,"The Weeknd, Playboi Carti, Madonna"
ENFP,Static on the Radio,"Jim White, Aimee Mann, M. Ward, Joe Henry"
ENFP,"A Dramatic Irony (From ""Honkai: Star Rail"") - Kafka Theme",tnbee
ENFP,Territorial Pissings,Nirvana
ENFP,My Desire,Interpol
ENFP,四季予你,程響
ENFP,一首歌-Sped up,"婁峻碩, Patrick Brasca"
ENFP,Memories,Maroon 5
ENFP,Chillin' Like a Villain,"Sofia Carson, Cameron Boyce, Booboo Stewart, Mitchell Hope,"
ENFP,Six Below,flipturn
ENFP,(She's) Just a Phase,Puma Blue
ENFP,Let Her Go,Mac DeMarco
ENFP,Misery Business,Paramore
ENFP,通り恋,indigo la End
ENFP,ふたたびの、雨,RADWIMPS
ENFP,ひまわりの約束,Motohiro Hata
ENFP,虹,SUDA MASAKI
ENTP,My Ordinary Life,The Living Tombstone
ENTP,Do I Wanna Know?,Arctic Monkeys
ENTP,Laplace’s Angel (Hurt People? Hurt People!),Will Wood
ENTP,Need to Know,Doja Cat
ENTP,"Dear Maria, Count Me In",All Time Low
ENTP,212,"Azealia Banks, Lazy Jay"
ENTP,Radar,Britney Spears
ENTP,Verbatim,Mother Mother
ENTP,Crazy = Genius,Panic! At The Disco
ENTP,hot girl bummer,blackbear
ENTP,Swim,Chase Atlantic
ENTP,The Real Slim Shady,Eminem
ENTP,Bloody Mary,Lady Gaga
ENTP,My Alcoholic Friends,The Dresden Dolls
ENTP,parents,YUNGBLUD
ENTP,Oh No!,MARINA
ENTP,Nowhere To Run,Stegosaurus Rex
ENTP,How to Be a Heartbreaker,MARINA
ENTP,Everybody Loves Me,OneRepublic
ENTP,Rasputin - Single Version,Boney M.
ENTP,Circus,Britney Spears
ENTP,Laughing on the Outside,Bernadette Carroll
ENTP,Chicago,Michael Jackson
ENTP,Stressed Out,Twenty One Pilots
ENTP,The Mystic,Adam Jensen
ENTP,Baby Hotline,Jack Stauber's Micropop
ENTP,Choke,I DONT KNOW HOW BUT THEY FOUND ME
ENTP,Under The Influence,"Eminem, D12"
ENTP,Gangsta,Kehlani
ENTP,Rehab,Amy Winehouse
ENTP,Little Dark Age,MGMT
ENTP,Mind brand,Maretu
ENTP,Dragula,Rob Zombie
ENTP,Doctor Doctor,YUNGBLUD
ENTP,Daddy,Die Antwoord
ENTP,American Trash,Innerpartysystem
ENTP,River,Bishop Briggs
ENTP,MANIC,COBRAH
ENTP,STUPID (feat. Yung Baby Tate),"Ashnikko, Baby Tate"
ENTP,Daddy AF - Wuki Remix,"Slayyyter, Wuki"
ENTP,All For Us,"Labrinth, Zendaya"
ENTP,No Mercy (feat. BlackGryph0n & LittleJayneyCakes),"The Living Tombstone, Black Gryph0n, LittleJayneyCakes"
ENTP,I’m Tired (with Zendaya) - Bonus Track,"Labrinth, Zendaya"
ENTP,Bubblegum Bitch,MARINA
ENTP,Wake Up,Cheese People
ENTP,Dirty Mind,3OH!3
ENTP,Lotta True Crime,Penelope Scott
ENTP,Black Widow,"Iggy Azalea, Rita Ora"
ENTP,The Bends,Radiohead
ENTP,Crystal Days,Echo & the Bunnymen
ENTP,High and Dry,Radiohead
ENTP,Just,Radiohead
ENTP,trees next to the river,vinyl prince
ENTP,run into the sunset,cookie
ENTP,Dreams,Coldgray
ENTP,there's light at the end of the tunnel (it's probably a train),infp mfer
ENTP,Brass Goggles,Steam Powered Giraffe
ENTP,Sex with a Ghost,Teddy Hyde
ENTP,I / Me / Myself,Will Wood
ENTP,Hey Baby - Speed,ROEINON
ENTP,PARTY!,"cade clair, cW"
ENTP,Easy,CRO
ENTP,i kissed a girl <3,"offaflat, WASTY"
ENTP,UDNTHAVE2KNOW,Marluxiam
ENTP,bad idea!,girl in red
ENTP,Why Do You Love Me,Charlotte Lawrence
ENTP,Shut Up Kiss Me,Angel Olsen
ENTP,Doin' Time,Lana Del Rey
ENTP,Under My Skin,Jukebox The Ghost
ENTP,Mastermind,Mindless Self Indulgence
ENTP,beetlejuicebeetlejuicebeetlejuice,Life After Youth
ENTP,I Wanna Be Yours,Arctic Monkeys
ENTP,Hands up!,"6arelyhuman, kets4eki, Pixel Hood"
ENTP,Meddle About,Chase Atlantic
ENTP,LOOK DON’T TOUCH (w/ cade clair),"Odetari, cade clair"
ENTP,Pumped Up Kicks,Foster The People
ENTP,Won't Bite (feat. Smino),"Doja Cat, Smino"
ENTP,Bi Wife Energy,Cringe and the Lizards
ENTP,Bitches,Mindless Self Indulgence
ENTP,stupid horse,"100 gecs, Laura Les, Dylan Brady"
ENTP,Blood // Water,grandson
ENTP,Final Day,Tokio Hotel
ENTP,Me Voy,Julieta Venegas
ENTP,Ain't Shit,Doja Cat
ENTP,Divine,hélix
ENTP,Intermission,Strawberry Guy
ENTP,Need 2,Pinegrove
ENTP,Closer,Nine Inch Nails
ENTP,Taunt,Lovejoy
ENTP,Hayloft II,Mother Mother
ENTP,Lone Digger,Caravan Palace
ENTP,Problems,Mother Mother
ENTP,Remember Summer Days (Night Tempo Showa Groove Mix),"Night Tempo, Anri"
ENTP,Cry For Me,HUNNY
ENTP,Howl's Moving Castle - Merry Go Round Of Life - Main Theme,Geek Music
ENTP,We Are The People,Empire of the Sun
ENTP,ANUBIS,"KUTE, RAIZHELL"
ENTP,Hotel,Montell Fish
ENTP,No Love,АДЛИН
ENTP,"Sex, Drugs, Etc.",Beach Weather
ESTJ,Only Girl (In The World),Rihanna
ESTJ,Confident,Demi Lovato
ESTJ,all the good girls go to hell,Billie Eilish
ESTJ,The Real Slim Shady,Eminem
ESTJ,Adios,EVERGLOW
ESTJ,Work Bitch,Britney Spears
ESTJ,Spine Breaker,방탄소년단
ESTJ,Lost One's Weeping,JubyPhonic
ESTJ,fan behavior,Isaac Dunbar
ESTJ,Stronger,Britney Spears
ESTJ,Why Do You Love Me,Charlotte Lawrence
ESTJ,Brutus,The Buttress
ESTJ,She,"Tyler, The Creator, Frank Ocean"
ESTJ,"You're A Mean One, Mr. Grinch","Tyler, The Creator"
ESTJ,Folhetim,Gal Costa
ESTJ,Quando Bate Aquela Saudade,Rubel
ESTJ,Little Black Dress,One Direction
ESTJ,Megan's Piano,Megan Thee Stallion
ESTJ,successful,Ariana Grande
ESTJ,Cyber Sex,Doja Cat
ESTJ,Perfect Night,LE SSERAFIM
ESTJ,Standing Next to You (Usher Remix),"정국, USHER"
ESTJ,Blue Flame (2023 Ver.),LE SSERAFIM
ESTJ,Genie In a Bottle,Christina Aguilera
ESTJ,I Love You Always Forever - Acoustic,Everly Fair
ESTJ,Built to Last,NEFFEX
ESTJ,Tò Te Tí,"Wren Evans, itsnk"
ESTJ,INVITATION (Feat. 개코),"JUNNY, 개코"
ESTJ,Upset (feat. Tommy Richman & FELIX!),"Brent Faiyaz, FELIX!, Tommy Richman"
ESTJ,"327 (feat. Tyler, The Creator & Billie Essco)","Westside Gunn, Joey Bada$$, Tyler, The Creator, Billie Essco"
ESTJ,My Own World,Trevor Spitta
ESTJ,MONACO,Bad Bunny
ESTJ,Chandelier,Will Paquin
ESTJ,Why'd You Only Call Me When You're High?,Arctic Monkeys
ESTJ,Body Of Years,Mother Mother
ESTJ,Good Boy Gone Bad,투모로우바이투게더
ESTJ,しかばねの踊り,Kikuo
ESTJ,I Can't Handle Change,Roar
ESTJ,GUY.exe,Superfruit
ESTJ,Burning Pile,Mother Mother
ESTJ,DontRepeatThisToAnyone,"Istasha, Ethan Ross"
ESTJ,Little Miss Perfect (feat. Joriah Kwamé & Taylor Louderman),"Write Out Loud, Joriah Kwamé, Taylor Louderman"
ESTJ,Achilles Come Down,Gang of Youths
ESTJ,Cash In Cash Out,"Pharrell Williams, 21 Savage, Tyler, The Creator"
ESTJ,Want It Here,Xenia Pax
ESTJ,I AM,IVE
ESTJ,Vroom Vroom,Charli XCX
ESTJ,Limoncello,"OG DAYV, Future"
ESTJ,Ten Feet Tall,"AFROJACK, Wrabel"
ESTJ,Echo (feat. dj-Jo),AmaLee
ESTJ,Wolf in Sheep's Clothing,"Set It Off, William Beckett"
ESTJ,Sorry About Your Parents,Icon For Hire
ESTJ,Big Jet Plane,Angus & Julia Stone
ESTJ,Someone Like You,Adele
ESTJ,4 grabbar,Lee Bloccboy
ESTJ,Lovers Rock,TV Girl
ESTJ,ParadoXXX Invasion,ENHYPEN
ESTJ,Karma,ENHYPEN
ESTJ,7 rings,Ariana Grande
ESTJ,Mockingbird,Eminem
ESTJ,Teenage Dream,Katy Perry
ESTJ,Underwater,CHUU
ESTJ,思覺失調,Wilfred Lau
ESTJ,I'm Old Fashioned,Chet Baker
ESTJ,Where Them Girls At (feat. Nicki Minaj & Flo Rida),"David Guetta, Flo Rida, Nicki Minaj"
ESTJ,Feeling Good,Michael Bublé
ESTJ,hot girl bummer,blackbear
ESTJ,If U Seek Amy,Britney Spears
ESTJ,青と夏,Mrs. GREEN APPLE
ESTJ,魔法が解けたら,Saucy Dog
ESTJ,初恋が泣いている,Aimyon
ESTJ,トリセツ,Kana Nishino
ESTJ,Interlude,Pink Sweat$
ESTJ,No Strings,Ed Sheeran
ESTJ,positions,Ariana Grande
ESTJ,Far Away,ASTN
ESTJ,Shallow,"Lady Gaga, Bradley Cooper"
ESTJ,Diamonds,Rihanna
ESTJ,brutal,Olivia Rodrigo
ESTJ,Meant to be Yours,"Jamie Muscato, Original West End Cast of Heathers"
ESTJ,Hardcore By Nature (Official Titanium Festival 2022 Anthem) - Radio Edit,"Cryogenic, Dimitri K, Major Conspiracy, Tha Watcher"
ESTJ,TURN ON THE LIGHTS (TECHNO),"BASSTON, STRØBE, Tazzy"
ESTJ,TOO HOT,"Sickmode, Rooler"
ESTJ,Herz an Herz,KXXMA
ESTJ,Teen Idle,MARINA
ESTJ,People Watching,Conan Gray
ESTJ,Young And Beautiful,Lana Del Rey
ESTJ,Hakubo – Nightfall [from Naruto Shippuuden],Bird Of Pray
ESTJ,Truth Hits Everybody,The Police
ESTJ,Bills,LunchMoney Lewis
ESTJ,Firework,Katy Perry
ESTJ,Ex's & Oh's,Elle King
ESTJ,Pobre Corazón - En Vivo,"Ke Personajes, Onda Sabanera"
ESTJ,El Amor de Mi Vida,"Los Ángeles Azules, Maria Becerra"
ESTJ,That's Not Fair,NCT U
ESTJ,OJITOS ROJOS,"Grupo Frontera, Ke Personajes"
ESTJ,Letter To The Editor,"Thievery Corporation, Racquel Jones"
ESTJ,Díselo,Chandé
ESTJ,Mon amour,zzoilo
ESTJ,We Don't Need Another Hero (Thunderdome),Tina Turner
ESFJ,On The Ground,ROSÉ
ESFJ,Kill Em With Kindness,Selena Gomez
ESFJ,Livin' On A Prayer,Bon Jovi
ESFJ,The Other Woman,Lana Del Rey
ESFJ,Ring,Selena Gomez
ESFJ,Bite Me,Avril Lavigne
ESFJ,psychofreak (feat. WILLOW),"Camila Cabello, WILLOW"
ESFJ,Me in Her,Sabrina Claudio
ESFJ,Rollin' Rollin',Love Potion
ESFJ,Never Enough,Loren Allred
ESFJ,Answer,Lilas Ikuta
ESFJ,Give Love,AKMU
ESFJ,positions,Ariana Grande
ESFJ,drip,DOLLA
ESFJ,get well soon,Ariana Grande
ESFJ,Kiss It Better,Rihanna
ESFJ,Ditto,NewJeans
ESFJ,Sesame Syrup,Cigarettes After Sex
ESFJ,So High,Doja Cat
ESFJ,MONEY,LISA
ESFJ,Super Freak,Rick James
ESFJ,Popular,The Veronicas
ESFJ,California Gurls,"Katy Perry, Snoop Dogg"
ESFJ,Super Freaky Girl,Nicki Minaj
ESFJ,Off The Record,IVE
ESFJ,Meridian,"Dave, Tiakola"
ESFJ,NO ONE,"이하이, B.I"
ESFJ,MIA,"GEMINI, CAMO, WOODZ"
ESFJ,StaRt,Mrs. GREEN APPLE
ESFJ,10時の方角,sumika
ESFJ,ブルーアンビエンス,"Mrs. GREEN APPLE, asmi"
ESFJ,Just You and I,Namie Amuro
ESFJ,Kota,Dere
ESFJ,Satu-Satu,Idgitaf
ESFJ,perayaan mati rasa,"Umay Shahab, Natania Karin"
ESFJ,Cahaya,Feby Putri
ESFJ,"Sit Still, Look Pretty",Daya
ESFJ,wish you were gay,Billie Eilish
ESFJ,goodnight n go,Ariana Grande
ESFJ,The Truth,Tiffany Howig
ESFJ,Girls Just Want to Have Fun,Cyndi Lauper
ESFJ,Memories,Maroon 5
ESFJ,Love Story (Taylor’s Version),Taylor Swift
ESFJ,Jour 1,Louane
ESFJ,Baked Plum Cake,Brian the Sun
ESFJ,Rapp Snitch Knishes feat. Mr. Fantastik,MF DOOM
ESFJ,ないものねだり - Revenge THE FIRST TAKE,"KANA-BOON, もっさ"
ESFJ,Drop That,EXO
ESFJ,가면무도회,우주소녀
ESFJ,Artificial Love,EXO
ESFJ,Candy Sugar Pop,ASTRO
ESFJ,BREATHE,AB6IX
ESFJ,Out of My League,Fitz and The Tantrums
ESFJ,San Lucas,Kevin Kaarl
ESFJ,Never Be Alone,Shawn Mendes
ESFJ,Daylight,Taylor Swift
ESFJ,Valentine,Laufey
ESFJ,8TEEN,Khalid
ESFJ,Perspective,Cafuné
ESFJ,Cherry Wine,grentperez
ESFJ,Fetish (feat. Gucci Mane),"Selena Gomez, Gucci Mane"
ESFJ,"Mon Soleil - from ""Emily in Paris"" Soundtrack",Ashley Park
ESFJ,Crying in the Club,Camila Cabello
ESFJ,Is Your Love Enough?,Little Mix
ESFJ,Gone,ROSÉ
ESFJ,Young And Beautiful,Lana Del Rey
ESFJ,fever dream,mxmtoon
ESFJ,"I miss you, I’m sorry",Gracie Abrams
ESFJ,いつか,Saucy Dog
ESFJ,I LOVE YOU,Chris Hart
ESFJ,ヒロイン,back number
ESFJ,恋人ごっこ,Macaroni Empitsu
ESFJ,Skyscraper,Demi Lovato
ESFJ,Secret Love Song (feat. Jason Derulo),"Little Mix, Jason Derulo"
ESFJ,Right Now,One Direction
ESFJ,18,One Direction
ESFJ,Sunflower - Spider-Man: Into the Spider-Verse,"Post Malone, Swae Lee"
ESFJ,Chinatown,Wild Nothing
ESFJ,4u,blackbear
ESFJ,Speed Drive,Charli XCX
ESFJ,We Don't Talk Anymore (feat. Selena Gomez),"Charlie Puth, Selena Gomez"
ESFJ,Bags,Clairo
ESFJ,C U Girl,Steve Lacy
ESFJ,Otras Se Pierden,Morat
ESFJ,Pockets,Sunset City
ESFJ,All About You,"Madden, Chris Holsten"
ESFJ,Fixed,New Hope Club
ESFJ,Crazy Beautiful,Andy Grammer
ESFJ,Here Comes The Sun - Remastered 2009,The Beatles
ESFJ,More Than A Woman,Bee Gees
ESFJ,Happy,Mitski
ESFJ,305,Shawn Mendes
ESFJ,E.T.,Katy Perry
ESFJ,Good Old-Fashioned Lover Boy - Remastered 2011,Queen
ESFJ,Teacher's Pet,Melanie Martinez
ESFJ,Prom Queen,Beach Bunny
ESFJ,Happy Pills,Weathers
ESFJ,Build a Bitch,Bella Poarch
ESFJ,GUY.exe,Superfruit
ESFJ,Mad at Disney,salem ilese
ENFJ,Strawberry Shortcake,Melanie Martinez
ENFJ,Serendipity - Full Length Edition,방탄소년단
ENFJ,positions,Ariana Grande
ENFJ,Remember My Name,Mitski
ENFJ,Drown,Bring Me The Horizon
ENFJ,Something About You,"Eyedress, Dent May"
ENFJ,prom dress,mxmtoon
ENFJ,Mrs. Potato Head,Melanie Martinez
ENFJ,Moonlight,Kali Uchis
ENFJ,Baby,Madison Beer
ENFJ,girls,girl in red
ENFJ,I Wanna Be Yours,Arctic Monkeys
ENFJ,"Dance, Baby!",boy pablo
ENFJ,Why Do You Feel So Down,Declan McKenna
ENFJ,Bags,Clairo
ENFJ,Revvin' My Cj7,Summer Salt
ENFJ,tolerate it,Taylor Swift
ENFJ,Scott Street,Phoebe Bridgers
ENFJ,Nothing New (feat. Phoebe Bridgers) (Taylor’s Version) (From The Vault),"Taylor Swift, Phoebe Bridgers"
ENFJ,the lakes - bonus track,Taylor Swift
ENFJ,Don’t Let Me Go (feat. 기리보이(GIRIBOY)),"전소미, 기리보이"
ENFJ,Thank u (feat. Yun Seokcheol),"Zion.T, 윤석철"
ENFJ,NOW & FOREVER,MIRAE
ENFJ,버퍼링 (Glitch Mode),NCT DREAM
ENFJ,Daylight,"JAIE, NYK"
ENFJ,butterflies,Denise Julia
ENFJ,妳在哪裡 (WYA),"박재범, NINGNING"
ENFJ,Obvi,JAIE
ENFJ,forever&more,ROLE MODEL
ENFJ,telepatía,Kali Uchis
ENFJ,Crash My Car,COIN
ENFJ,Out of My League,Fitz and The Tantrums
ENFJ,Single Soon,Selena Gomez
ENFJ,Shameless,Camila Cabello
ENFJ,Call Out My Name,The Weeknd
ENFJ,BOLO (feat. YDG),"페노메코, YDG"
ENFJ,Mr. Chu,Apink
ENFJ,Moon,방탄소년단
ENFJ,Louder than bombs,방탄소년단
ENFJ,LOVE DIVE,IVE
ENFJ,My Universe,"Coldplay, 방탄소년단"
ENFJ,This Was a Home Once,Bad Suns
ENFJ,New Map,M83
ENFJ,Out on the Town - Bonus Track,fun.
ENFJ,The Color Violet,Tory Lanez
ENFJ,Friends,Chase Atlantic
ENFJ,To Whom It May Concern,"Ghostemane, Parv0"
ENFJ,Mauern,"LOTTE, Sebastian Fitzek"
ENFJ,Lighthouse - Andrelli Remix,"Hearts & Colors, Andrelli"
ENFJ,Pieces Of Me,Ashlee Simpson
ENFJ,For the First Time,The Script
ENFJ,Heaven in Your Eyes,Loverboy
ENFJ,Put Your Head On My Shoulder,Paul Anka
ENFJ,About Love - From The Netflix Film “To All The Boys: P.S. I Still Love You”,MARINA
ENFJ,You’re Losing Me (From The Vault),Taylor Swift
ENFJ,All of Me,John Legend
ENFJ,魔动闪霸：对手,魔动闪霸
ENFJ,断线,"Shang, lil sophy"
ENFJ,NO 808,"Lil Ghost小鬼, NYK"
ENFJ,无人区玫瑰,"Capper, APEX, LEGGO"
ENFJ,Lover - First Dance Remix,Taylor Swift
ENFJ,Hello Hello,Elton John
ENFJ,A Place in this World,Taylor Swift
ENFJ,Snow On The Beach (feat. More Lana Del Rey),"Taylor Swift, Lana Del Rey"
ENFJ,Statues in the Garden (Arras),Local Natives
ENFJ,Time,"Free Nationals, Mac Miller, Kali Uchis"
ENFJ,Live Well,Palace
ENFJ,Hangover Blues,Amythyst Kiah
ENFJ,Die For You,The Weeknd
ENFJ,Ordinary Superstar,Rina Sawayama
ENFJ,Electra Heart,MARINA
ENFJ,Bubblegum Bitch,MARINA
ENFJ,The Sound,The 1975
ENFJ,Running Up That Hill,MEG MYERS
ENFJ,No Diggity,"Blackstreet, Dr. Dre, Queen Pen"
ENFJ,Slipping Through My Fingers,ABBA
ENFJ,I Want You To Love Me,Fiona Apple
ENFJ,愛して 愛して 愛して,Kikuo
ENFJ,Mr. Perfectly Fine (Taylor’s Version) (From The Vault),Taylor Swift
ENFJ,Shy Away,Twenty One Pilots
ENFJ,Tutu,"Camilo, Pedro Capó"
ENFJ,Margaret (feat. Bleachers),"Lana Del Rey, Bleachers"
ENFJ,Fearless (Taylor’s Version),Taylor Swift
ENFJ,"""Slut!"" (Taylor's Version) (From The Vault)",Taylor Swift
ENFJ,Pictures of Girls,Wallows
ENFJ,Televised,HUNNY
ENFJ,Mr. Brightside,The Killers
ENFJ,Talk Too Much,COIN
ENFJ,Young at Heart,Cyrille Aimee
ENFJ,Boyfriend,Dove Cameron
ENFJ,Big Empty,Stone Temple Pilots
ENFJ,Love Me 4 Me,Rina Sawayama
ENFJ,Cough Syrup,Young the Giant
ENFJ,Hey Lover!,Wabie
ENFJ,Ballroom Extravaganza,DPR IAN
ENFJ,There She Goes,The La's
ENFJ,Blow,Kesha
ENFJ,Bring Me To Life,Evanescence
ENFJ,What Kind Of Man,Florence + The Machine
ENFJ,Monster (Under My Bed),Call Me Karizma
ISTJ,Motion Sickness,Phoebe Bridgers
ISTJ,Bags,Clairo
ISTJ,Cherry Waves,Deftones
ISTJ,As the World Caves In,Matt Maltese
ISTJ,Pretzel (♡),NCT DREAM
ISTJ,Cake,Melanie Martinez
ISTJ,Eat Your Young,Hozier
ISTJ,Sex with a Ghost,Teddy Hyde
ISTJ,Everybody Loves Me,OneRepublic
ISTJ,When I Pray,DOE
ISTJ,Pano,Zack Tabudlo
ISTJ,고맙다,세븐틴
ISTJ,Butterfly,P1Harmony
ISTJ,God's Plan,Drake
ISTJ,Solo,Future
ISTJ,Man On The Moon,Kid Cudi
ISTJ,I Wonder,Kanye West
ISTJ,About You,The 1975
ISTJ,Before The Day Is Over,Joji
ISTJ,Two Ghosts,Harry Styles
ISTJ,Let's All Love Lain,TOKYOPILL
ISTJ,Old Money,Lana Del Rey
ISTJ,Still Sane,Lorde
ISTJ,Of The Night,Bastille
ISTJ,coming of age,mxmtoon
ISTJ,The Archer,Taylor Swift
ISTJ,this is me trying,Taylor Swift
ISTJ,Viva La Vida,Coldplay
ISTJ,RHYTHM TA,iKON
ISTJ,Savage,aespa
ISTJ,Get A Guitar,RIIZE
ISTJ,Ridin',NCT DREAM
ISTJ,Beautiful Stranger,Laufey
ISTJ,Empire Ants (feat. Little Dragon),"Gorillaz, Little Dragon"
ISTJ,Je te laisserai des mots,Patrick Watson
ISTJ,Sleeping Powder,Gorillaz
ISTJ,Double Knot,Stray Kids
ISTJ,Horizon,ATEEZ
ISTJ,HIT,세븐틴
ISTJ,UGH!,방탄소년단
ISTJ,Not You,"Alan Walker, Emma Steinbakken"
ISTJ,Better Things,aespa
ISTJ,Last Nite,The Strokes
ISTJ,Gone,TWICE
ISTJ,One In A Milion,TWICE
ISTJ,ONLY,이하이
ISTJ,Shine With Me,IVE
ISTJ,My Name Is,Eminem
ISTJ,The Bomb,Pigeon John
ISTJ,DANG! (hocus pocus),Billlie
ISTJ,NOBODY,"전소연, 윈터, LIZ (IVE)"
ISTJ,Runaway Baby,Bruno Marz
ISTJ,IDOL,방탄소년단
ISTJ,I CAN'T STOP ME,TWICE
ISTJ,Future Perfect (Pass the MIC),ENHYPEN
ISTJ,From Home,NCT U
ISTJ,Where Is Dream,10cm
ISTJ,ILYSB,LANY
ISTJ,Malibu Nights,LANY
ISTJ,Lose,NIKI
ISTJ,YACHT (k) (Feat. Sik-K),"박재범, 식케이"
ISTJ,Until I Found You (with Em Beihold) - Em Beihold Version,"Stephen Sanchez, Em Beihold"
ISTJ,Infrunami,Steve Lacy
ISTJ,Did you know that there's a tunnel under Ocean Blvd,Lana Del Rey
ISTJ,Borderline,Tame Impala
ISTJ,Lights Are On,Tom Rosenthal
ISTJ,"Paint It, Black - Mono",The Rolling Stones
ISTJ,Blood // Water,grandson
ISTJ,Adios,"Hoody, GRAY"
ISTJ,Sour Grapes,LE SSERAFIM
ISTJ,Into the I-LAND,I-LAND
ISTJ,TFW (That Feeling When),ENHYPEN
ISTJ,Believe,"Paul Blanco, Crush"
ISTJ,More Than Friends,Mokita
ISTJ,So Close,"NOTD, Felix Jaehn, Captain Cuts, Georgia Ku"
ISTJ,Do It,Tuxedo
ISTJ,으르렁 (Growl),EXO
ISTJ,Turn Back Time,WayV
ISTJ,EVERYTHING,검정치마
ISTJ,happier,Olivia Rodrigo
ISTJ,Space Song,Beach House
ISTJ,Notion,The Rare Occasions
ISTJ,My Kind of Woman,Mac DeMarco
ISTJ,Die For You,Joji
ISTJ,Talk Saxy,RIIZE
ISTJ,Kick Back - Korean Version,WayV
ISTJ,秘境 (Kick Back),WayV
ISTJ,Lean on ME,Bill Withers
ISTJ,I Love You So,The Walters
ISTJ,Control,Halsey
ISTJ,Kingdom,HOPE
ISTJ,Black,Kari Kimmel
ISTJ,Love Lee,AKMU
ISTJ,Why So Lonely,원더걸스
ISTJ,LALALALA,Stray Kids
ISTJ,어쩌다 보니,DAY6
ISTJ,2 soon,keshi
ISTJ,24 Hours,Anthony Russo
ISTJ,BOKE,CIKI
ISTJ,主 动,加木
ENTJ,Floor Seats,A$AP Ferg
ENTJ,The Origianl,On The Larceny
ENTJ,After Dark,Mr.Kitty
ENTJ,Uprising,Muse
ENTJ,Don’t Blame Me,Taylor Swift
ENTJ,Okay,Chase Atlantic
ENTJ,CRIME,NORTMIRAGE
ENTJ,Diet Mountain Dew,Lana Del Rey
ENTJ,The Way I Am,Eminem
ENTJ,HUMBLE.,Kendrick Lamar
ENTJ,Applause,Lady Gaga
ENTJ,Doubt,Twenty One Pilots
ENTJ,XO,Beyoncé
ENTJ,Toosie Slide,Drake
ENTJ,brutal,Olivia Rodrigo
ENTJ,Run the World (Girls),Beyoncé
ENTJ,Under Giant Trees,Agnes Obel
ENTJ,Once Upon a December (from Anastasia),Emile Pandolfi
ENTJ,"Cello Suite No. 1 in G Major, BWV 1007: I. Prélude","Johann Sebastian Bach, Yo-Yo Ma"
ENTJ,Experience,"Ludovico Einaudi, Daniel Hope, I Virtuosi Italiani"
ENTJ,You Get Me So High,The Neighbourhood
ENTJ,I Was Never There,"The Weeknd, Gesaffelstein"
ENTJ,Ain't Shit,Doja Cat
ENTJ,Outro,M83
ENTJ,Heartbeat,Childish Gambino
ENTJ,Reflections,The Neighbourhood
ENTJ,Leaving Tonight,The Neighbourhood
ENTJ,Bang Bang Bang Bang,Sohodolls
ENTJ,Womanizer,Britney Spears
ENTJ,Better Than Revenge,Taylor Swift
ENTJ,Washing Machine Heart,Mitski
ENTJ,successful,Ariana Grande
ENTJ,Tak ... Tak ... To Ja,Obywatel G.C.
ENTJ,Sway,Michael Bublé
ENTJ,Cold Cold Cold,Cage The Elephant
ENTJ,Lotta True Crime,Penelope Scott
ENTJ,The Way I Are,"Timbaland, Keri Hilson, D.O.E."
ENTJ,Party Monster,The Weeknd
ENTJ,Karma,Taylor Swift
ENTJ,Wanted Dead Or Alive,Bon Jovi
ENTJ,girls like u,blackbear
ENTJ,Feel Good,Weathers
ENTJ,Confident,"Justin Bieber, Chance the Rapper"
ENTJ,Don’t Play,Halsey
ENTJ,Under The Influence,Chris Brown
ENTJ,HAUNTED,Isabel LaRosa
ENTJ,Primadonna,MARINA
ENTJ,I'm Gonna Show You Crazy,Bebe Rexha
ENTJ,Yikes,Nicki Minaj
ENTJ,Lay All Your Love On Me,ABBA
ENTJ,Bloody Mary,Lady Gaga
ENTJ,Bezos I,Bo Burnham
ENTJ,My Name Is Human,Highly Suspect
ENTJ,Watch,Belaganas
ENTJ,3 Nights,Dominic Fike
ENTJ,Castle,Halsey
ENTJ,HEATED,Beyoncé
ENTJ,Way 2 Sexy (with Future & Young Thug),"Drake, Future, Young Thug"
ENTJ,Nowhere to run - Slowed,NikiBeats
ENTJ,Blood On The Leaves,Kanye West
ENTJ,BOSS,"NCT, NCT U"
ENTJ,COPYCAT,Billie Eilish
ENTJ,aenergy,aespa
ENTJ,Killer Queen,Queen
ENTJ,Centuries,Fall Out Boy
ENTJ,Mount Everest,Labrinth
ENTJ,Love Me,"Lil Wayne, Drake, Future"
ENTJ,Luxury,Azealia Banks
ENTJ,ANTIFRAGILE,LE SSERAFIM
ENTJ,Bite Me,ENHYPEN
ENTJ,LOVE DIVE,IVE
ENTJ,Allergy,(여자)아이들
ENTJ,Mad Hatter,Melanie Martinez
ENTJ,Ashes,Stellar
ENTJ,Arabella,Arctic Monkeys
ENTJ,The Lighthouse,Halsey
ENTJ,STARSTRUKK (feat. Katy Perry),"3OH!3, Katy Perry, Matt Squire"
ENTJ,I Knew You Were Trouble (Taylor's Version),Taylor Swift
ENTJ,Problems,Mother Mother
ENTJ,Doin' Time,Lana Del Rey
ENTJ,Come Together - Remastered 2009,The Beatles
ENTJ,Where Them Girls At (feat. Nicki Minaj & Flo Rida),"David Guetta, Flo Rida, Nicki Minaj"
ENTJ,My Type,Saweetie
ENTJ,Follow God,Kanye West
ENTJ,Play with Fire (feat. Yacht Money),"Sam Tinnesz, Yacht Money"
ENTJ,Boss Bitch,Doja Cat
ENTJ,Hayloft II,Mother Mother
ENTJ,Little Dark Age,MGMT
ENTJ,Hair,Little Mix
ENTJ,Born This Way,Lady Gaga
ENTJ,Icy Chain,Saweetie
ENTJ,IPHONE,Rico Nasty
ENTJ,Be Alright,Dean Lewis
ENTJ,Fucking Diablo,Nicki Nicole
ENTJ,My All,Mariah Carey
ENTJ,SINCERA TE,Milo j
ENTJ,What's My Name,"China Anne McClain, Thomas Doherty, Dylan Playfair, Disney"
ENTJ,Fighter,Christina Aguilera
ENTJ,That's My Girl,Fifth Harmony
ENTJ,Dark Horse,"Katy Perry, Juicy J"
INFP,Midnight City,M83
INFP,Cherry Waves,Deftones
INFP,Hentai,Cigarettes After Sex
INFP,Fireside,Arctic Monkeys
INFP,Body Back (feat. Maia Wright),"Gryffin, Maia Wright"
INFP,ミカヅキ,Sayuri
INFP,今日くらいは - Cover,mami
INFP,フロントメモリー,"Emiko Suzuki, Seiji Kameda"
INFP,UP NO MORE,TWICE
INFP,In My Dreams,Red Velvet
INFP,나의 모든 순간 (No Longer),NCT 127
INFP,아이와 나의 바다,아이유
INFP,Back To December (Taylor's Version),Taylor Swift
INFP,evermore (feat. Bon Iver),"Taylor Swift, Bon Iver"
INFP,exile (feat. Bon Iver),"Taylor Swift, Bon Iver"
INFP,I Almost Do (Taylor's Version),Taylor Swift
INFP,good 4 u,Olivia Rodrigo
INFP,Boulevard of Broken Dreams,Green Day
INFP,Crisis,keeoh
INFP,Bad Apple!! feat.nomico,nomico
INFP,Kiss Me,Sixpence None The Richer
INFP,Let It Be - Remastered 2009,The Beatles
INFP,I Hear a Symphony,Cody Fry
INFP,Moonlight,Chase Atlantic
INFP,The Red Means I Love You,Madds Buckley
INFP,Who Is She ?,I Monster
INFP,cinderella's dead,EMELINE
INFP,Judas,Lady Gaga
INFP,그대와 춤을,예빛
INFP,Mackerel,루시드폴
INFP,잊어야 할 일은 잊어요,브로콜리너마저
INFP,회상,적재
INFP,Washing Machine Heart,Mitski
INFP,snowglobe,RÓISIN
INFP,girls,girl in red
INFP,What Can I Believe?,"Pat Burgener, James Hersey, Oddbox"
INFP,エスケープ,Aoi Teshima
INFP,左右盲,ヨルシカ
INFP,チノカテ,ヨルシカ
INFP,風になる,Tsuji Ayano
INFP,20th century cloud,molnvän
INFP,darker paths,cookie
INFP,i save time by crying about 2 things at once,infp mfer
INFP,midnight,"overchill, Moai Beats"
INFP,Welcome to the Black Parade,My Chemical Romance
INFP,Meet Me At Our Spot,"THE ANXIETY, WILLOW, Tyler Cole"
INFP,Arcade,Duncan Laurence
INFP,Love Like You (End Credits),"Steven Universe, Rebecca Sugar"
INFP,Chateau (Feel Alright),Djo
INFP,Freakin' Out On the Interstate,Briston Maroney
INFP,Sweet Marie,The Walters
INFP,Sister of Pearl,Baio
INFP,"Sea, Swallow Me","Cocteau Twins, Harold Budd"
INFP,好き好き大好き - 2016 Remaster,Jun Togawa
INFP,welcome and goodbye,"Dream, Ivory"
INFP,Space Song,Beach House
INFP,Migraine,Twenty One Pilots
INFP,Pity Party,Melanie Martinez
INFP,Cut My Lip,Twenty One Pilots
INFP,Mrs Magic,Strawberry Guy
INFP,愛じゃない,DAZBEE
INFP,勝たんしか症候群,たかやん
INFP,酩酊華,"あすくーる, natsumi, あらの"
INFP,アイカ,rerulili
INFP,True Colors,Cyndi Lauper
INFP,Enchanted (Taylor's Version),Taylor Swift
INFP,怪物,YOASOBI
INFP,3 Libras,A Perfect Circle
INFP,Lucky Star,NiziU (니쥬)
INFP,네게 말해 (이 여름밤),PARK JI WON (fromis_9)
INFP,Tweet Tweet,VIVIZ
INFP,Love on Lock,Kep1er
INFP,Don't Bother Calling,Moses Sumney
INFP,Heat Lightning,Mitski
INFP,Milk & Honey - Alt Version,Billie Marten
INFP,Party Song,Keaton Henson
INFP,Cry Baby,Melanie Martinez
INFP,Put Your Records On,Corinne Bailey Rae
INFP,Sweet,Cigarettes After Sex
INFP,Borderline,Tame Impala
INFP,널 사랑하면 안돼,딘딘
INFP,구애 Propose,선우정아
INFP,미니홈피,민수
INFP,니가 모르게 (YOU DON'T KNOW),로꼬
INFP,A Thousand Years,James Arthur
INFP,8 Letters - Acoustic,Why Don't We
INFP,아름답고도 아프구나,비투비
INFP,Hope Not,BLACKPINK
INFP,Slipping Through My Fingers,ABBA
INFP,Teacher's Pet,Melanie Martinez
INFP,Solas (Piano Version),goated.
INFP,Lullaby,GOT7
INFP,Dead Man,David Kushner
INFP,Maniac,Conan Gray
INFP,Are You Bored Yet? (feat. Clairo),"Wallows, Clairo"
INFP,Sit Next to Me,Foster The People
INFP,Kerosene - Slowed,fam0uz
INFP,The Sound of Silence,Disturbed
INFP,Glow,Mr.Kitty
INFP,Disenchanted,My Chemical Romance
ESTP,Let's Get It Started,Black Eyed Peas
ESTP,Teenage Dirtbag,Wheatus
ESTP,Echoes,The Rapture
ESTP,MOVE TO MIAMI,"Enrique Iglesias, 핏불"
ESTP,Pretty Savage,BLACKPINK
ESTP,Material Girl,Madonna
ESTP,Under The Influence,Chris Brown
ESTP,PUNK TACTICS,Joey Valence & Brae
ESTP,Last Night,Ricky Montgomery
ESTP,Team,Mag.Lo
ESTP,Grilling Niggas,cupcakKe
ESTP,stupid horse,"100 gecs, Laura Les, Dylan Brady"
ESTP,Everybody (Backstreet's Back) - Radio Edit,Backstreet Boys
ESTP,Hey Baby (Drop It to the Floor) (feat. T-Pain),"핏불, T-Pain"
ESTP,Old Town Road,Lil Nas X
ESTP,MONTERO (Call Me By Your Name),Lil Nas X
ESTP,첫사랑,백아
ESTP,Gimme More,Britney Spears
ESTP,Don’t Blame Me,Taylor Swift
ESTP,I'll Do It,Heidi Montag
ESTP,Attack on Bangtan,방탄소년단
ESTP,Danger,방탄소년단
ESTP,I Am The Best,2NE1
ESTP,ZOOM,제시
ESTP,HEAVEN AND BACK,Chase Atlantic
ESTP,HYPNOTIC DATA,Odetari
ESTP,XOXO (Kisses Hugs),"6arelyhuman, horrormovies, Pixel Hood"
ESTP,FΛSHION,Britney Manson
ESTP,No Hay Nadie Más,Sebastian Yatra
ESTP,Yo Te Extraño,Sebastian Yatra
ESTP,Arroyito,Fonseca
ESTP,Mi Otra Mitad,Manuel Medrano
ESTP,Kosandra,Miyagi & Andy Panda
ESTP,Мосты,Rauf & Faik
ESTP,BEBE,Era Istrefi
ESTP,Там ревели горы,Miyagi & Andy Panda
ESTP,I Kissed A Girl - Rock Remix,Katy Perry
ESTP,Feather,Sabrina Carpenter
ESTP,It Was A Good Day,Ice Cube
ESTP,TiK ToK,Kesha
ESTP,welcome and goodbye,"Dream, Ivory"
ESTP,Pretty,"Coco & Clair Clair, Okthxbb"
ESTP,Alex G Nintendo 64(unreleased),Riri
ESTP,"New Person, Same Old Mistakes",Tame Impala
ESTP,Happiness,Che'Nelle
ESTP,君に贈る歌 ～Song For You,Che'Nelle
ESTP,赤い実ハジケタ恋空の下,LGMonkees
ESTP,YOKAZE,HENTAI SHINSHI CLUB
ESTP,Funky Glitter Christmas,NMIXX
ESTP,Bluma to Lunch,BLOOM VASE
ESTP,S-Class,Stray Kids
ESTP,In the morning,ITZY
ESTP,Get Lucki,Veeze
ESTP,Jennifer’s Body,Ken Carson
ESTP,Running Late,KARRAHBOOO
ESTP,Lil Tony x Lil RT - Im Da Man,Omerta
ESTP,Voltage,ITZY
ESTP,We Fresh,Kep1er
ESTP,Streets,Doja Cat
ESTP,Daisy,Ashnikko
ESTP,Body Electric,Lana Del Rey
ESTP,Escapism.,"RAYE, 070 Shake"
ESTP,Hands up!,"6arelyhuman, kets4eki, Pixel Hood"
ESTP,Starboy,"The Weeknd, Daft Punk"
ESTP,Heartbeat,Childish Gambino
ESTP,Monster,Lady Gaga
ESTP,Another One Bites The Dust,Queen
ESTP,Bad Romance,Artist Vs Poet
ESTP,Don't Threaten Me with a Good Time,Panic! At The Disco
ESTP,Is Everybody Going Crazy?,Nothing But Thieves
ESTP,Alter Ego,KALEO
ESTP,Girls In Bikinis,Poppy
ESTP,Hot N Cold,Katy Perry
ESTP,GUY.exe,Superfruit
ESTP,Feel This Moment (feat. Christina Aguilera),"핏불, Christina Aguilera"
ESTP,Witness,Katy Perry
ESTP,Bad,인피니트
ESTP,Call D,NCT U
ESTP,Drip,오마이걸
ESTP,Cold Blooded,제시
ESTP,Blah Blah Blah (feat. 3OH!3),"Kesha, 3OH!3"
ESTP,Wish You'd Make Me Cry,UPSAHL
ESTP,fuckboi,gianni & kyle
ESTP,Party Monster,The Weeknd
ESTP,Bad Girls,M.I.A.
ESTP,Mercy,"Kanye West, Big Sean, Pusha T, 2 Chainz"
ESTP,Mask Off,Future
ESTP,"Beamer, Benz, Or Bentley","Lloyd Banks, Juelz Santana"
ESTP,先輩,乃紫
ESTP,FIESTA,IZ*ONE
ESTP,杯杯,乃紫
ESTP,ゴミ人間、俺,yangskinny
ESTP,Take A Slice,Glass Animals
ESTP,Without Me,Eminem
ESTP,Rät,Penelope Scott
ESTP,Bubblegum Bitch,MARINA
ESTP,MY BAG,(여자)아이들
ESTP,How You Like That,BLACKPINK
ESTP,Tell me (Sampling From `Two Of Hearts`),원더걸스
ESTP,That That (prod.&feat. SUGA of BTS),"싸이, SUGA"
ESFP,Eyes Blue Like The Atlantic (feat. Subvrbs),"Sista Prod, Subvrbs"
ESFP,Material Girl,Madonna
ESFP,Ultraviolence,Lana Del Rey
ESFP,Hey Rich Boy,Millionaires
ESFP,ZITTI E BUONI,Måneskin
ESFP,Boombox,Laura Marano
ESFP,Promiscuous,"Nelly Furtado, Timbaland"
ESFP,Gimme More,Britney Spears
ESFP,22,Taylor Swift
ESFP,Applause,Lady Gaga
ESFP,Off To The Races,Lana Del Rey
ESFP,Sweater Weather,The Neighbourhood
ESFP,ハルノヒ,Aimyon
ESFP,雨燦々,King Gnu
ESFP,AS IF IT’S YOUR LAST - Japanese Version,BLACKPINK
ESFP,沈丁花,DISH//
ESFP,紡ぐ,Tota
ESFP,明日はきっといい日になる,Yu Takahashi
ESFP,カナタハルカ,RADWIMPS
ESFP,きゅうくらりん,いよわ
ESFP,Backstabber,Kesha
ESFP,Dance Floor - Main mix,Melissa Molinaro
ESFP,Milkshake,Kelis
ESFP,Celebrity,Slayyyter
ESFP,Animal,Neon Trees
ESFP,Potential Breakup Song,Aly & AJ
ESFP,Best Friend (feat. Doja Cat),"Saweetie, Doja Cat"
ESFP,"Sex, Drugs, Etc.",Beach Weather
ESFP,moonlight,Dhruv
ESFP,REEL IT IN,Aminé
ESFP,You Got It,Vedo
ESFP,MAZE,hanuel
ESFP,Strawberry Skies,Kid Travis
ESFP,Mona Lisa,Dominic Fike
ESFP,The Color Violet,Tory Lanez
ESFP,Still Got Time,dexter in the newsagent
ESFP,How Bout Now,Drake
ESFP,Mask Off,Future
ESFP,Night Away (Dance) (feat. Tion Wayne),"A1 x J1, Tion Wayne"
ESFP,Mr. Right Now (feat. Drake),"21 Savage, Metro Boomin, Drake"
ESFP,Do Ya Like X Resonance,noturgf
ESFP,HOTEL LOBBY (Unc & Phew) - A COLORS SHOW,"Quavo, Takeoff"
ESFP,Father Stretch My Hands Pt. 1,Kanye West
ESFP,Feel The Fiyaaaah (with A$AP Rocky & feat. Takeoff),"Metro Boomin, A$AP Rocky, Takeoff"
ESFP,Koroba,Tiwa Savage
ESFP,Slow Dancing (FRNK Remix),"V, FRNK"
ESFP,Please Don't Change (feat. DJ Snake),"정국, DJ Snake"
ESFP,Smalltown Boy,Bronski Beat
ESFP,ALV,Montana Exclusivo
ESFP,HARLEY QUINN,"Fuerza Regida, Marshmello"
ESFP,PANTIES Y BRASIERES,"Rauw Alejandro, Daddy Yankee"
ESFP,Neverita,Bad Bunny
ESFP,Lemon Tree,Post Malone
ESFP,Unsainted,Slipknot
ESFP,Full Moon,Gold Revere
ESFP,Alejandro,Lady Gaga
ESFP,Hype Boy,NewJeans
ESFP,Butter,방탄소년단
ESFP,DNA,방탄소년단
ESFP,Feel Special,TWICE
ESFP,Six,SIX
ESFP,Alexander Hamilton,"Leslie Odom Jr., Daveed Diggs, Okieriete Onaodowan, Lin-Manuel Miranda, , , ,"
ESFP,Farmer Refuted,"Thayne Jasperson, Lin-Manuel Miranda, Original Broadway Cast of Hamilton"
ESFP,What'd I Miss,"Daveed Diggs, Leslie Odom Jr., Okieriete Onaodowan, Original Broadway Cast of Hamilton"
ESFP,Fireworks (I'm The One),ATEEZ
ESFP,Till I Live,Dabin
ESFP,OTONABLUE,ATARASHII GAKKO!
ESFP,Mixed Nuts,OFFICIAL HIGE DANDISM
ESFP,O My Heart,Mother Mother
ESFP,Crucified,Ghost
ESFP,I Love You Like an Alcoholic,Six Steps In
ESFP,Dance Macabre,Ghost
ESFP,Levitating (feat. DaBaby),"Dua Lipa, DaBaby"
ESFP,7 rings,Ariana Grande
ESFP,Time of Our Lives,"핏불, Ne-Yo"
ESFP,SexyBack (feat. Timbaland),"Justin Timberlake, Timbaland"
ESFP,魔法が解けたら,Saucy Dog
ESFP,Vitamin,NCT 127
ESFP,Bite Me,ENHYPEN
ESFP,너의 로맨스에 내 이름을 써줘 (prod. IVY GROUND),104
ESFP,Work from Home (feat. Ty Dolla $ign),"Fifth Harmony, Ty Dolla $ign"
ESFP,MONTERO (Call Me By Your Name),Lil Nas X
ESFP,S&M,Rihanna
ESFP,Live While We're Young,One Direction
ESFP,メレンゲ,Macaroni Empitsu
ESFP,月曜日の歌,NEE
ESFP,愛の言葉,Kyanai
ESFP,優しさに溢れた世界で,Saucy Dog
ESFP,尾號6208,嚴浩翔
ESFP,烟火人间 - 电视剧《我的人间烟火》主题曲,那英
ESFP,別再想見我,許光漢
ESFP,I See You Everywhere,Eric Chou
ESFP,Up All Night,One Direction
ESFP,Twist Your Frown Upside Down,"Ross Lynch, Maia Mitchell, Garrett Clayton, Grace Phipps"
ESFP,Dynamite,Taio Cruz
ESFP,That's How We Do,"Ross Lynch, Maia Mitchell, Garrett Clayton, Grace Phipps, John DeLuca, Jordan Fisher"
ESFP,Cannibal,Kesha
ESFP,Payphone,"Maroon 5, Wiz Khalifa"
ESFP,Cure For Me,AURORA
ESFP,Shake It Off,Taylor Swift
